phone number,name,email address,url
(596) 845-2213,dsad,dsad@gmail.com,http://www.murphypoolsandspas.com/
(596) 845-2213,wefsd,wefsd@gdas.com,http://www.alanjacksonpools.com/
,,dsawqe@gmail.com,http://www.edpoolandspa.com/
,,dfafs@yahoo.com,http://www.bigjohnspools.com/
,,,https://sblpools.com/
,,,http://poolbosscorp.com/
,,,http://www.camposcustomconcrete.com/
,,,https://www.greenscenelandscape.com/
,,,https://www.encorepoolsla.com/
,,,http://sbwpoolsinc.com/
,,,https://www.executivepools.org/
,,,https://calimingo.com/
,,,https://californiapools.com/locations/santa-clarita?utm_source=google&utm_medium=organic&utm_campaign=gmb&utm_content=santaclarita
,,,https://custommojavepool.com/
,,,http://www.horusicky.com/
,,,https://aquamanwest.com/
,,,http://www.sunsetpoolscustomdesigns.com/
,,,http://gotsplash.com/
,,,http://temeculavalleycustompools.com/
